STEMMA1,STEMMA1,STEMMA2,STEMMA2,STEMMA3,STEMMA3,SCD30,SCD30,SCD30,BMP388,BMP388,ME2,INA260,INA260,INA260,system clock
soil_moisture_1 (None),stemma_chip_temp_1 (C),soil_moisture_2 (None),stemma_chip_temp_2 (C),soil_moisture_3 (None),stemma_chip_temp_3 (C),CO2 (ppm),relative_humidity (percent),system_temp (C),system_pressure (hpa),system_temp (C),O2 (percent),system_voltage (V),system_current (mA),system_power (mW),time (UNIX)
300.2761607456008,20.04289216738648,400.03597908585107,25.106179922900946,499.93943587738033,29.636973885911296,400.075872700166,40.03188454054102,25.06356744317211,1012.9332930938912,24.9957421081206,19.527911237011804,failed,failed,failed,1782173455.3
300.0896569101533,20.39909197173333,400.00300709195636,25.35465679893256,500.04374424958354,29.929568525987587,399.9067009440657,40.05082792287014,25.01274998274767,1012.9108699669653,24.978704143270164,19.43021270060908,failed,failed,failed,1782173455.82
299.65762012222297,19.944308953657476,400.07542028000125,25.185829563377897,500.0198316671069,30.002336607998917,400.0888224946303,40.040999846943464,24.91256727041982,1013.0364279669731,24.95807347536,19.42234656165808,12.795281839626114,1000.089093634122,12796.421817784822,1782173456.33
299.9844395891566,20.100656457938555,400.05582816367723,25.10076821828164,499.9400386437287,29.772800426069384,885.4822095609927,40.09707267711519,25.08031769520851,failed,failed,19.54996921932347,12.804132726975617,2001.6010455238745,25628.765453340853,1782173457.06
