STEMMA1,STEMMA1,STEMMA2,STEMMA2,STEMMA3,STEMMA3,SCD30,SCD30,SCD30,BMP388,BMP388,ME2,INA260,INA260,INA260,system_clock
soil_moisture_1 (None),stemma_chip_temp_1 (C),soil_moisture_2 (None),stemma_chip_temp_2 (C),soil_moisture_3 (None),stemma_chip_temp_3 (C),CO2 (ppm),relative_humidity (percent),system_temp (C),system_pressure (hpa),system_temp (C),O2 (percent),system_voltage (V),system_current (mA),system_power (mW),time (UNIX)
300.44864940045335,19.704488703103596,399.9703650513166,24.832605065916727,500.09287032524924,30.416073311703293,,,,1013.0538708118619,25.065776401179058,19.418557064189365,12.80399477861713,1000.0617882302572,12804.785914794722,1782234804.62038
300.47354402431927,19.59126204497533,399.9932800822954,25.348238939236847,500.0899518845372,29.87813839988422,400.03772110761645,39.94471642290052,25.096454544365667,1012.9089557987447,24.987498598602578,19.49318909952939,,,,1782234805.125875
300.33632636702254,19.704999215157553,399.9253220484775,25.045408508387585,499.9605529599176,29.944453077957192,400.04922064738037,40.06786286268615,25.094996246972986,1012.9621351051201,25.029429625058143,19.438180593862047,,,,1782234805.631455
,,399.9728790994065,24.93162402346063,500.01801935858856,30.386833922192046,889.1705760106012,40.04099144556677,25.006667385699615,1012.9307423198833,24.90811746803156,19.449879336860846,,,,1782234806.275842
,,400.01105907067375,24.92107192746849,500.0814790638301,29.89150878986813,1391.872037072497,40.02518494576314,25.063279185242482,1013.0058881528669,24.98425610560241,19.40638148874961,12.795214535073807,2001.6246243639514,25611.21648742328,1782234806.777358
299.7836002557709,20.019561791427734,400.07708796774983,24.929455094926833,499.9415314285424,29.509330538280274,1516.6273600978875,39.98924185412375,25.063430322839828,1013.0385106175945,25.069393736061265,19.407376781108717,12.804105665046796,999.9862877761329,12803.9300922835,1782234807.385366
299.58732116628073,20.45825552440881,399.97500121254274,25.19151065861583,499.9155165807915,29.706767998940997,1516.56304879097,39.973217989779975,24.94903401954749,,,19.514632668531526,,,,1782234807.888227
