STEMMA1,STEMMA1,STEMMA2,STEMMA2,STEMMA3,STEMMA3,SCD30,SCD30,SCD30,BMP388,BMP388,ME2,INA260,INA260,INA260,system clock
soil_moisture_1 (None),stemma_chip_temp_1 (C),soil_moisture_2 (None),stemma_chip_temp_2 (C),soil_moisture_3 (None),stemma_chip_temp_3 (C),CO2 (ppm),relative_humidity (percent),system_temp (C),system_pressure (hpa),system_temp (C),O2 (percent),system_voltage (V),system_current (mA),system_power (mW),time (UNIX)
299.67390265947347,20.19199611872426,399.9583474737962,24.659415653981092,499.9760342179685,30.464764103127077,failed,failed,failed,failed,failed,19.409903043209944,12.800740743665116,1000.0218552949611,12801.02050762979,1782173352.04
299.7625603526045,19.956024298534295,failed,failed,499.9606104964747,30.318844755154824,399.91711010259183,39.9826831076701,24.974965424320015,failed,failed,19.46866732960989,12.80122417416228,999.9056635486493,12800.016552100746,1782173352.55
failed,failed,failed,failed,499.97833230294634,29.66992912078344,399.9067830798173,40.044942438167624,24.99196579973015,1012.9242573389391,24.94508080658888,19.50332225805555,failed,failed,failed,1782173353.07
